{
  "jobseekers": [
    {
      "name": "manikanta",
      "address": "hyderabad",
      "hand_phone_no": "8885323290",
      "hand_phone_no_2": "6300876204",
      "email_id": "gmanikanta1307@gmail.com",
      "pass_word": "mani mahesh",
      "pass_word_2": "mani mahesh",
      "id": 5
    },
    {
      "name": "G amnikanta",
      "address": "mahabubnagar",
      "hand_phone_no": "9876543212",
      "hand_phone_no_2": "9640023713",
      "email_id": "djbdhgcjbnncbjkcjkvn@gmail.com",
      "pass_word": "ngfghjk",
      "pass_word_2": "gkjhgfgh",
      "id": 6
    },
    {
      "name": "yuva",
      "address": "hyd",
      "hand_phone_no": "8885323290",
      "hand_phone_no_2": "6300876204",
      "email_id": "djbdhgcjbnncbjkcjkvn@gmail.com",
      "pass_word": "hgfrfgh",
      "pass_word_2": "mhghjj",
      "id": 7
    }
  ]
}